UserID,FirstName,LastName,Email,Password
630000001,Clarissa,Carrillo,Carrillorissa@proemail.com,%{)gn$80$[<G
630000002,Ella,Blankenship,765@disposable.com,[(pf&yKZ3SN7
630000003,Nathalia,Franklin,866@gmx.com,jLy|b&N5K*R!
630000004,Alejandro,Mclean,351Alej@mailinator.com,fCRwZz8eWsVN
630000005,Lucas,Liu,387Lucasiu@mail.com,"sy,w4c_NRNFJ"
630000006,Gwendolyn,Bass,ynBas348@live.com,d[qM:T5@WO.b
630000007,Shayla,Strong,haylaStrong@gmail.com,;%4(RfzL^*#v
630000008,Cheyenne,Vazquez,Vazquez@aol.com,ndNL5%$9m[.U
630000009,Marianna,Suarez,Suarez495Marianna@gmx.com,Niom0<UQ*e*|
630000010,Mareli,Clarke,884ke@disposable.com,",hcxotcxdpHZ"
630000011,Melissa,Copeland,458MelissaC@gmx.com,QD(i:(;0)FKQ
630000012,Coleman,Bautista,Colemanista@proemail.com,B!@x$AIAcLLj
630000013,Mckenzie,Joseph,JoseMckenzie@gmail.com,3uPQnoUt%LY4
630000014,Lana,Rivas,799vas@zoho.com,"$[nK+YX,=4un"
630000015,Deanna,Barron,815Deannon@hushmail.com,MaJLM6B(5?s!
630000016,Alexandria,Webster,114Webster@live.com,j$@R9+qU_Fe_
630000017,Zavier,Mahoney,326Z@fastmail.com,6S.Mhq9y2{xD
630000018,Alondra,Young,695@mailinator.com,"{F2,Uy[rTb9B"
630000019,Rey,Hines,Rey923@hushmail.com,SN52P1}2~tsk
630000020,Isabell,Long,391@fastmail.com,kYL1t_3@UQZM
630000021,Lawson,Poole,Lawson207Pool@mail.com,_%JhrZN9JXC}
630000022,Giuliana,Barrera,31@protonmail.com,C#ETqTX6~H]n
630000023,Alonzo,Joyce,Joyce436@icloud.com,MU@GHvIt0P9r
630000024,Allie,Franklin,752@icloud.com,SCCu20C*VAY[
630000025,Cade,Benton,631Cade@gmail.com,yTuH9r$(TM_h
630000026,Ashton,Campbell,Campbell328on@rocketmail.com,WHlD.7*Gcb?4
630000027,Heidi,Marsh,228Marsh@yandex.com,$Tj9MSwi||e_
630000028,Lee,Sandoval,482ndoval@gmail.com,]D0XiN2vIxuG
630000029,Kellen,Gordon,Kellenordon618@hotmail.com,([91+Sz6s:.K
630000030,Desirae,Wilkinson,nDesirae@mail.com,sb$A3OpQz%cu
630000031,Ace,Santiago,482eSant@tutanota.com,?:5wXXa*!<:2
630000032,Edward,Booker,Boo450Edward@protonmail.com,{5~9aMSG{esA
630000033,Aden,Mitchell,954Mitchell@zoho.com,@LAt:S;N=N_1
630000034,Aleah,Short,Sho805@gmail.com,OeeZ1ygkzwHQ
630000035,Keely,Shepherd,8yerd@fastmail.com,(|lbfuRnTJG_
630000036,Emilio,Pratt,lioPratt@outlook.com,8i)T?7{gnNR+
630000037,Raelynn,Black,k@mail.com,48=~gRNt@6%:
630000038,Jase,Santana,95e@outlook.com,X+?TUc~!}Z^H
630000039,Sadie,Hines,Hines@gmx.com,Z4-XB;RM}0cq
630000040,Deanna,Mercer,60@mailinator.com,Mzj$[q[qIC3q
630000041,Anika,Clarke,arke724a@hushmail.com,YF$eF-_hGECD
630000042,Jovanni,Shannon,Jovan@inbox.com,=_k>vY?Ib3p@
630000043,Celeste,Melton,750@fastmail.com,U]&TwYmGMLZ#
630000044,Valerie,Avila,496ValerieAvila@protonmail.com,EC72.x=E(?4*
630000045,Rylan,Mcclain,646ain@mailinator.com,CYxYX5+oTSfp
630000046,Zain,Good,232@hotmail.com,IT^2xLhKJG~h
630000047,Allisson,Camacho,652amacho@mail.com,VH@{jdK~R}uf
630000048,Marcelo,Townsend,19Marcelo@gmx.com,vFAn5x&c6]BD
630000049,Derick,Vazquez,185DericV@gmx.com,<Etqgn]P?+sa
630000050,Paityn,Rangel,971Ran@mail.com,Esvr_r(mTu9|
630000051,Fernanda,Delacruz,elacruzFernanda684@icloud.com,i{KB.uQ5kSnX
630000052,Hallie,Cruz,CruzHallie857@protonmail.com,rm?%39::AD>w
630000053,Roselyn,Bishop,op96@mail.com,ss]}az7^O3@A
630000054,Sabrina,Oconnell,ina544Oconnell@aol.com,vh+]]|>xb_$%
630000055,Mallory,Hart,rt@gmail.com,I0t$o.K74{T}
630000056,Hannah,Zavala,Zavala690@disposable.com,9V%~*V?L^7$.
630000057,Lamar,Galvan,Galvan395La@zoho.com,o.d.%3r@m[{3
630000058,Caitlin,Kemp,emp752@disposable.com,bSQ(AjLLvyx^
630000059,Braydon,Cochran,Cochran230n@proemail.com,eKEQ|^E6s)~3
630000060,Vivian,Mccall,Mcca671V@disposable.com,Cqd-u:exLR53
630000061,Riley,Pope,y513@fastmail.com,RA;yEj3F4?@@
630000062,Rowan,Harmon,RowanHarmon@gmx.com,?t.k]Sy(S=ZN
630000063,Derrick,Jennings,369JenDe@inbox.com,u@pElpk4Il0^
630000064,Glenn,Willis,Gle@disposable.com,KC<Hk$Z-AjE<
630000065,Daniel,Madden,Madden694@yandex.com,?ic>Q{4uca{F
630000066,Zack,Mercer,ZackMercer374@disposable.com,gcEJmuvSc.$^
630000067,Aubrie,Knox,15@inbox.com,rZs17Bq@=nDU
630000068,Owen,Atkinson,AtkinsonOw@zoho.com,&?2o]N>^~l0i
630000069,Kolten,Odom,en@live.com,!-d.U>O^A~k1
630000070,Gordon,Daniels,Daniels@proemail.com,b36<0:Jb>C.O
630000071,Willow,Freeman,Fre@live.com,J~*Jr1uk)AI~
630000072,Gael,Rosales,20G@gmx.com,8$tzo%5%H}:?
630000073,Giada,Livingston,Giada292Living@mail.com,>fQySM<]z_HK
630000074,Valentino,Wheeler,744Wh@tutanota.com,1AhJ#x+e!m5<
630000075,Kayla,Matthews,yla938@live.com,":~*<(gQ,Wl03"
630000076,Cade,Ortega,ga366@yandex.com,wE0:eOCln[$0
630000077,Samson,Walton,274Sa@yandex.com,@Kcvlt$=Du]n
630000078,Giselle,Robles,GiselleRobles@yandex.com,Yzo6Dblp?iT-
630000079,Raquel,Flynn,Flynn@hushmail.com,xD4Z1&OB3fhv
630000080,Deven,Lynn,465@hushmail.com,"8,[$aiKJ&Y4-"
630000081,Johnathon,Murillo,Johnatho@aol.com,B<cl@E5)0R5N
630000082,Saniya,Potter,Saner532@tutanota.com,hJ]YMY#XOhDC
630000083,Brendan,Hubbard,903Brendan@aol.com,d=}Uy^{5+UfH
630000084,Johan,Ford,606Johand@outlook.com,aIcu;xo#3|Ly
630000085,Rhett,Weiss,141@yandex.com,C|tmYu{JXWjD
630000086,Ryland,Payne,Ry@protonmail.com,USDlsH^Y_cmP
630000087,Yael,Velez,Yael746@disposable.com,gWtb>IE9F&{-
630000088,Janiah,Ortiz,tiz558@mailinator.com,=.<EiaKrj4Pi
630000089,Layton,Friedman,830@disposable.com,-FM}xox:]ypT
630000090,Jose,Ford,851Jose@hotmail.com,m$v;dy~{y>wP
630000091,Leonel,Hood,nel829@tutanota.com,9RwQL#J9t^:l
630000092,Lindsay,Aguirre,Agu22L@icloud.com,$nDVOfz*2QVk
630000093,Alessandra,Moses,andra@hotmail.com,",<ADW2qO[dey"
630000094,Abby,Huff,956@tutanota.com,"?v:,%X#CF.YQ"
630000095,Pierre,Trevino,PTrevino42@inbox.com,y*>ISX[#gHKk
630000096,Raymond,Gill,222RaymondGi@inbox.com,_3GptHlNrAB;
630000097,Trevor,Spencer,SpencerTrevor@outlook.com,M1t4ub0oPRV9
630000098,Taryn,Estes,tes401Ta@yahoo.com,{d>.1.mB+qbS
630000099,Giovani,Bowers,s458@inbox.com,I^>qsXeug+:{
630000100,Anton,Arnold,573Anto@hotmail.com,a$i2|=Du^7~x
630000101,Louis,Wolf,olf527@yahoo.com,zHeR~HQp(W>N
630000102,Ross,Norman,773rmanoss@disposable.com,MZTt|O(pTnH+
630000103,Sarai,Patterson,n@yandex.com,t%m|d.@1xiP!
630000104,Yasmin,Miles,Miles598Yas@hushmail.com,"O5MX@4El,EmM"
630000105,Declan,Robbins,RobbinsDeclan@fastmail.com,O@T?G3$dJuAb
630000106,Brooklyn,Rhodes,RBroo889@rocketmail.com,fWPsh97tHo:e
630000107,Viviana,Cooley,65Vi@hushmail.com,!~pK:hC~:zo~
630000108,Maximilian,Larsen,135Larsen@disposable.com,%{Y3RTc5*n6^
630000109,Shelby,Howard,elby690@yahoo.com,g:=tWJl@q+Pz
630000110,Christina,Fry,740F@proemail.com,IQ[M*9nsYP}S
630000111,Demarion,Simpson,Demarion@hushmail.com,nnw]GooIh<@6
630000112,Aidyn,Marquez,zn302@zoho.com,",DwvF(a]#NIK"
630000113,Amaya,Shah,ShahAmaya905@mailinator.com,Itc(uhU~_:Bp
630000114,Clinton,Dorsey,onD746@aol.com,cpYjdG:~)m&t
630000115,Eden,Beltran,Beltran845@yandex.com,+q]nafP3?-c?
630000116,Stephen,Delgado,891Stephendo@mail.com,%X_QHJ<kS3jM
630000117,Elisabeth,Chang,Cha@yahoo.com,=:)vy)H]3.o8
630000118,Aditya,Flowers,ers58tya@rocketmail.com,i]-TeiUWU-2z
630000119,Ramiro,Ibarra,Ibarra883Ra@fastmail.com,$?C>1{R7(0pq
630000120,Dominick,Pittman,468ickPittm@inbox.com,.$b.y[hBAB[d
630000121,Sabrina,Harrison,875@gmail.com,"bjslvz9,+C(~"
630000122,Brenna,Wu,553u@gmx.com,+z.<alr7CPJT
630000123,Jose,Benton,Jose@gmx.com,aabIs9;$$8j%
630000124,Chaim,Bradford,Bradf486Cha@zoho.com,xdM7MC$S@uV:
630000125,Karen,Hale,KarenHale@outlook.com,03Zrqp2*CBNI
630000126,Rishi,Cowan,169Rishi@hushmail.com,soQdg_gnFO7O
630000127,Conrad,Carpenter,613Conra@yahoo.com,slH4DttSfV$e
630000128,Xander,Larsen,L@hushmail.com,G(?}9c90GzoI
630000129,Gloria,Johnston,Johnston626Gloria@gmx.com,b<m:Q7OuBL*Q
630000130,Darren,Chung,ChungDa@hushmail.com,;iv(5ts[yu:n
630000131,Antonio,Mitchell,287MitchellAnt@fastmail.com,m3gdY$O$@9cA
630000132,Anne,Gay,A@inbox.com,VlT6Sw(btoKm
630000133,Marianna,Braun,772@icloud.com,"U.~55te,4u|H"
630000134,Melanie,Giles,Giles@gmx.com,@V^gY)MGBQk2
630000135,Madisyn,Dennis,960Mad@disposable.com,":]F;b!,R04CB"
630000136,Brock,Ramirez,Ramirez194Brock@hotmail.com,4:Y-ZoG9R41L
630000137,Darion,Bentley,Bentley@protonmail.com,V{|ztdr!jgPb
630000138,Zaire,Rangel,Zaire762R@tutanota.com,@nhWxS|-p@dW
630000139,Janiyah,Lowe,eJaniyah@hotmail.com,2nbA8c_+8AxB
630000140,Makenzie,Johnson,MJ@outlook.com,Dq}SDSzAZYgc
630000141,Anthony,Pratt,PrattAnthony@gmx.com,T0cUxN^|$<qQ
630000142,Jerome,Harding,ardingJerome375@mailinator.com,"gh,BD<#-ve{i"
630000143,Brennen,Shah,382hahrennen@gmail.com,"*x,EK5_31QYA"
630000144,Misael,Giles,sael@protonmail.com,"Fr0,=N2J4M#8"
630000145,Orlando,Austin,AustinO@protonmail.com,lCUrbDZ0NU;k
630000146,Ernesto,Sherman,20ShermanErnesto@gmx.com,0O=i3tf5Ng1T
630000147,Nick,Salazar,SalazarNick138@live.com,t?lIb$|Nb@|I
630000148,Savannah,Lynn,898@outlook.com,.=$9k~:F$1.Q
630000149,Samara,Sharp,harp@aol.com,-Uk59P38by~n
630000150,Dangelo,Marks,angelo@yandex.com,968&x]~4{$Op
630000151,Nelson,Escobar,Escobar5@yandex.com,dmSpU$Z<TkO@
630000152,Marley,Valencia,533Marley@zoho.com,I=p<px.Z&hc3
630000153,Dashawn,Moon,473Dashaw@gmx.com,"Wdie,mxw:&)q"
630000154,Jennifer,Harmon,Harmon96ifer@gmail.com,"FE1,JbfX5{ip"
630000155,Helen,Payne,815@icloud.com,ei^7jmfbYQ<V
630000156,Abby,Horton,AbbyHorto138@inbox.com,9isq^pb!a^Cm
630000157,Ella,Hall,Hal773@hotmail.com,R@ZMqzAWvhYF
630000158,Leia,Mcconnell,LeiaMcconnell772@hushmail.com,x9YUtY0g7T86
630000159,Chasity,Sweeney,Chasity@protonmail.com,BD*ETpoQYOQR
630000160,Finnegan,Lowe,792@yahoo.com,j6f0;uy}C.&t
630000161,Makenzie,Savage,Make607@outlook.com,"ZSd,tSJZUTiB"
630000162,Dania,Morrow,868DaniaMorrow@tutanota.com,=V|S0JSoLO&s
630000163,Silas,Bass,SBass639@live.com,wxL]XwD~##Lb
630000164,Craig,Savage,eraig498@proemail.com,a<]_UVf6Cevf
630000165,Lucy,Edwards,961L@yahoo.com,c0rD3.zf@Dcc
630000166,Thalia,Franco,Thalia@mailinator.com,S8V[6ljoxtPp
630000167,Riya,Allison,Alli@rocketmail.com,7HIvD6K0I1-;
630000168,Ruth,Gonzales,546@yandex.com,BPLNu4#^LiRF
630000169,Addison,Pratt,tt@icloud.com,ciJJphE*(gJt
630000170,Dario,Pratt,Da20@zoho.com,iTEwdm$}7Ii^
630000171,Payton,Bishop,225Bishop@rocketmail.com,"E%YD_,(fUGUC"
630000172,Quinton,Cantrell,788@protonmail.com,>B86TKifw4tg
630000173,Katrina,Grant,GraKatrina@aol.com,FX>IZ1uvn*_Y
630000174,Eliana,Cohen,Eli520Cohen@fastmail.com,)pM.u*bbm*G@
630000175,Nia,Mathis,816Mathisia@mail.com,oPqENX?Vb#9m
630000176,Lisa,Mcpherson,440sa@yandex.com,HS#YbuT^16%h
630000177,Wade,Boone,Boone161@protonmail.com,B&X(O;IVur-D
630000178,Stella,Phillips,Stella220@zoho.com,"T,OEnOHL$I%N"
630000179,Thaddeus,Pennington,Penningts@fastmail.com,E&D--]eA-lW$
630000180,Barrett,Kemp,545rettKemp@proemail.com,~*s)%VLGb)%s
630000181,Derick,Bond,Bond968@disposable.com,zG0>xy=QEuVH
630000182,Jaelynn,Oneal,500O@hushmail.com,:DtoFuiLeo>E
630000183,India,Schultz,Schultz@inbox.com,b<P=RD~YzXN0
630000184,Zack,Pitts,PittsZack@rocketmail.com,7AE1wQPSsdv[
630000185,Vivian,Larson,659@proemail.com,X7T+hb^tCP7s
630000186,Makai,Myers,s@inbox.com,o@o(^8*uR4|m
630000187,Charlie,Trevino,524@mail.com,QI7TcUUJ2_8#
630000188,Kaylee,Manning,e@disposable.com,QWCKhV_]DR&Y
630000189,Leland,Mejia,Meji@tutanota.com,"ymm.,$SN?r>d"
630000190,Kassandra,Mora,945KMora@proemail.com,q2rT3~vGHTP=
630000191,Zariah,Lester,71LesterZari@hushmail.com,"lK]b,Fx@J;)S"
630000192,Cailyn,Elliott,Cailyn827lliott@rocketmail.com,SnJ_O+A0zerK
630000193,Chana,Soto,Soto12na@inbox.com,e$DYC.+W1+%l
630000194,Anya,Joseph,Any881oseph@hushmail.com,GajE?Gz2o5;S
630000195,Terrell,Hess,HessTerrell15@icloud.com,<wj#1ZFmg@F.
630000196,Liliana,Lamb,Lamb@outlook.com,H3=v?5G5D+Dk
630000197,Mckenna,Hendricks,404M@yandex.com,y?flJ!;_~k){
630000198,Izabella,Camacho,acho677@disposable.com,n5[zXp6N#OR<
630000199,Chaya,Barajas,BaChaya@gmail.com,TTEX8m92ONLA
630000200,Karen,Matthews,K957@mail.com,Sr51re5F1D%q
630000201,Riley,Holt,HRile@live.com,srn$vn*>g#5$
630000202,Kai,Shepherd,239Kai@disposable.com,ZB:]}Wn@r?qt
630000203,Declan,Martin,clan@tutanota.com,JZ{Wn;<DwBy<
630000204,Ashlynn,Mcguire,221uireAshly@yandex.com,C0dbOnt|SZT)
630000205,Elizabeth,Fitzgerald,Elizabeth120@inbox.com,%1=lZ^U(b&&7
630000206,Rowan,Mclean,Mclean@tutanota.com,W=wrgTl!i@wq
630000207,Dayana,Snyder,589@live.com,+VlO;_5br6dF
630000208,Axel,Mueller,237Axel@mail.com,-A0ka(>YnVdm
630000209,Antony,Irwin,ny@hushmail.com,PBXm(N~^;VNs
630000210,Alia,Pacheco,32Pacheco@zoho.com,$.Wc4@RuEMh2
630000211,Demarcus,Golden,GoldenDemarcus792@aol.com,"VpC.#y@HC7j,"
630000212,Carley,Vincent,Vincent@fastmail.com,gcFs>btozRzi
630000213,Melanie,Nguyen,Nguyen@hotmail.com,M#6yE{#9_wT5
630000214,Nancy,Reed,908Reed@fastmail.com,H%q07NGo;cuT
630000215,Elizabeth,Olsen,948@mailinator.com,|cUCqVDLV=nl
630000216,Dominique,Snow,Sn@gmx.com,-X-QWpNX0lWV
630000217,Reina,Mercer,ercer@yandex.com,.!;y7aAd@Aw7
630000218,Evangeline,Shaw,812@hushmail.com,S^jiw7qV^EJl
630000219,Beatrice,Bean,524nBeatri@protonmail.com,"YZC,(%iB:w-e"
630000220,Mariela,Osborn,la@fastmail.com,LTtsexf>YK&y
630000221,Gavyn,Young,236@disposable.com,+Yz>gLZ?lB*X
630000222,Cohen,Skinner,S105Cohen@yandex.com,i0KL1I#B.1HX
630000223,Alessandra,Mendez,AlessandraMendez964@yahoo.com,fHL)7o>OmM16
630000224,Roderick,Mckay,MckayRo969@mail.com,in:xjqJB_igF
630000225,Lucia,Orozco,L@rocketmail.com,QC=la4Fc^O+$
630000226,Jesse,Rollins,Rollins@zoho.com,{kP|JT2FJ}wG
630000227,Janiyah,Cochran,Cochranniyah525@yahoo.com,&r>+vSGhhU;%
630000228,Diego,Berg,go643@inbox.com,;tMBgThVXW-<
630000229,Tori,Roman,928@outlook.com,t&sj|[~Ur$ix
630000230,Kellen,Kramer,Kellen158Kramer@proemail.com,D7)+AGYam5So
630000231,Regan,Hanna,egana@hushmail.com,TPw3P$DbnwJ3
630000232,Lilah,Finley,Lil@gmx.com,"]Rs|Y?-,oE;:"
630000233,Raegan,Blair,Blair@mailinator.com,PjUej?)Ex-hJ
630000234,Armani,Aguirre,anire375@live.com,"Ax$y$,z>.s3["
630000235,Kristian,Reid,ian93@protonmail.com,O%.j(jg*mn+s
630000236,Grayson,Bates,Grayson@protonmail.com,Q+xXLOQ[}Qi?
630000237,Damon,Fisher,914isher@yandex.com,8ubKGO>xPIxw
630000238,Johnny,Ashley,Johnny@hushmail.com,Cx&pGs]M+2(0
630000239,Scarlet,Buchanan,Buchan@outlook.com,LX=zh$!$[3]p
630000240,Darian,Guzman,Darian699@icloud.com,dPi7x>h)[{Y?
630000241,Adolfo,Chambers,Ado@live.com,if(C{YYr5v.5
630000242,Angel,Marsh,AngelMarsh@gmail.com,WHNcr6HdB>)A
630000243,Aleena,Sanchez,Aleen@fastmail.com,Zuhuov}8P5j7
630000244,Alec,Snyder,Slec907@hushmail.com,=^%--ke@{xCr
630000245,Kayden,Nichols,@live.com,MWS=>gSN}Jvg
630000246,Junior,Rosales,Rosales@outlook.com,"zD8{Vn^,Fn>;"
630000247,Maddox,Meyers,876MeyersMad@protonmail.com,yh_iw.#lhWZg
630000248,Lorelei,Bryan,LoreleiBryan@rocketmail.com,z_n&8euu$-~>
630000249,Gia,Curtis,Gia251@hotmail.com,&XW)h*Jse|a=
630000250,Larry,Harvey,LHarvey@outlook.com,"Ey,Q[zs2T_<u"
630000251,Easton,Bowman,436@hotmail.com,-KAKzwX4[u{(
630000252,Xzavier,Thompson,@disposable.com,KHcQq3TE!Sgq
630000253,Abdiel,Chapman,142Abdielpman@hushmail.com,C&TS~~:sdfnQ
630000254,Johnathan,Lindsey,275@tutanota.com,iYtH%L)KT#l4
630000255,Angelique,Horne,gelique790Horn@mailinator.com,j2jbU}qccF39
630000256,Justice,King,e@mail.com,3H&?*=h~~fKq
630000257,Zackary,Winters,444ryWinter@gmail.com,&&HeInKWW}<o
630000258,Elena,Beltran,Beltran@hushmail.com,0!.ZKet{WzGB
630000259,Kamari,Webster,KamariWebster583@tutanota.com,zeUep2MeG>]L
630000260,Anahi,Sanders,ahiSa@hushmail.com,Zohfj!UtRmL$
630000261,Asher,Carpenter,492@gmx.com,JZ>Z#@eI@@^V
630000262,Eve,Jones,@mail.com,lUT;b~pmt<x|
630000263,Samantha,Gould,Go@mailinator.com,_UzXAztB>(SL
630000264,Gauge,Morse,eauge@hushmail.com,@0]D-DeFHNgo
630000265,Destiny,Hines,703Hin@disposable.com,!gE{aTWNAkIX
630000266,Reuben,Oneill,265@hotmail.com,2i|ez$.<io*f
630000267,Samir,Henderson,SamirHenders449@aol.com,h}0v*C5M-L?~
630000268,Naima,Fox,Nai819@zoho.com,yyMiW1v%D*i4
630000269,Braiden,Gillespie,Braiden@hushmail.com,xazNM5yZBe5R
630000270,Quinn,Alvarado,577inn@aol.com,(o6sywNDH|[C
630000271,Macie,Horton,373n@hushmail.com,"U4PCq,xieUVs"
630000272,Mason,Gamble,Gamble@rocketmail.com,o8k](_MCB&H>
630000273,Sean,Novak,vak@live.com,H|pwLPRal?d}
630000274,Brennan,Dyer,ennan512@icloud.com,m^%a9x0&?+])
630000275,Jett,Stephens,448@mailinator.com,Cu@EM~zn)_yQ
630000276,Braiden,Lewis,Lewi@tutanota.com,".Qqcw,7cER7z"
630000277,Philip,Brewer,Phi@gmail.com,ZuWok@l]WVM.
630000278,Jermaine,Nunez,Jermain@gmx.com,NDGQaQTSoA<:
630000279,Wilson,Fry,Wilson@icloud.com,4%mh9>h0|q+3
630000280,Tia,Colon,ColonTi@tutanota.com,LpMa}oci0;pJ
630000281,Oliver,Black,Bl@inbox.com,"+g7Y6Rk,.:9X"
630000282,Kaitlyn,Glass,s@fastmail.com,",B6^N5*+pUy)"
630000283,Mackenzie,Mcneil,Mcneil@protonmail.com,";z2N,^h<%6n0"
630000284,Craig,Mcdaniel,677aig@protonmail.com,Dl_er.v(6m(U
630000285,Lauryn,Kent,48@zoho.com,A8q8R>v6(#qI
630000286,Corinne,Burch,nne541@fastmail.com,6VQ=x%#5;PTg
630000287,Luka,Horne,horne@live.com,"C?^(w3MWz9j,"
630000288,Clara,Yates,tes758@gmx.com,.fSrk-1tufR4
630000289,Devyn,Thornton,orntonDevyn288@tutanota.com,KYa}Mp=Qs(^3
630000290,Bryanna,Wilson,son270Brya@disposable.com,qN5Y(mwt.^Jt
630000291,Kimberly,Bruce,ce@gmx.com,US~*&;E1_K(P
630000292,Salma,Potts,505Salma@hushmail.com,KDmX(Ui<xX]y
630000293,Leticia,Lopez,Leti@hotmail.com,#)29?|Ic|>Cb
630000294,Layne,Ware,Layne972War@proemail.com,"(baO1[oi,wA0"
630000295,Grant,Herman,Herrant379@outlook.com,lqOns&qrbq@@
630000296,Rex,Kelly,exK@yandex.com,%;E2eL|bHkmG
630000297,Zachery,Beasley,405ry@proemail.com,6l-4l8Ed-uMM
630000298,Glenn,Davis,@gmail.com,g0=c~$l!J3~w
630000299,Mireya,Page,Page@rocketmail.com,2=)S3QfO0]Ri
630000300,Ada,Long,Ada@outlook.com,6oN)q=w>6HLV
630000301,Jakob,Wheeler,Wheeler790@mail.com,lbEf#9oF|qIX
630000302,Brynlee,Andrews,781@fastmail.com,D^PVc:fX=dY0
630000303,Bryce,Glenn,176BrycGlenn@mailinator.com,"SSvDe9<G,VCC"
630000304,Ada,Roberts,126Ada@mailinator.com,N{?+dKa#wfZp
630000305,Connor,Cabrera,Conno@aol.com,L}lyPRN|P^I5
630000306,Tatum,Murphy,695@tutanota.com,s{ECtCW?{5U*
630000307,Nash,Blair,838irh@gmx.com,k}}n918K9BDh
630000308,Patricia,Estes,Estes@hushmail.com,KPS#Mrz?KgLn
630000309,Adriana,Thornton,rnton@inbox.com,N-$gHrOHelaV
630000310,April,Reeves,169@mailinator.com,d_firqVNO7d&
630000311,Kenyon,Andrade,Andra@mail.com,ELDBe*%a_X$[
630000312,Carissa,Townsend,TownsendCariss293@disposable.com,p_T{POGv}F#b
630000313,Annalise,Fitzgerald,ald199Annalise@mail.com,e4V;2fEd&TT?
630000314,Layla,Orozco,rozcoa745@disposable.com,I-7gs:Hw(aWi
630000315,Anabel,Kerr,@zoho.com,eyg1DW#d1Zh^
630000316,Sarai,Solomon,n@mailinator.com,PQ#v*&v!Ehkv
630000317,Marshall,Blankenship,13@fastmail.com,"$LjX*.k,8jXO"
630000318,Davis,Ward,W@gmx.com,cWm8)R6qn[2b
630000319,Reynaldo,Hendrix,ReynaldoHendrix@mail.com,T}g2QTy;}H=r
630000320,Riley,Novak,RileyNovak@protonmail.com,JSB:_Q9<#3.q
630000321,Amari,Leonard,AmariLeon@inbox.com,)t7[}CoVlgKs
630000322,Monica,Mendoza,Monica613@fastmail.com,=9yaYKVi+_N|
630000323,Jordyn,Kerr,KeJordyn326@zoho.com,^_)qug)}_eoq
630000324,Edward,Pacheco,dward264@gmx.com,sJz8X9s9I1[P
630000325,Alondra,Medina,985@disposable.com,VgE&AV*ygyIa
630000326,Litzy,Esparza,729parza@live.com,a3{dRvz2Ca}%
630000327,Joseph,Whitaker,Joseph777Whitaker@aol.com,Q5CE1:!j60%=
630000328,Orlando,Hammond,81o@fastmail.com,k_Ni_RPoho:H
630000329,Rylee,Jennings,Je@gmx.com,~RBve0jiNSt2
630000330,Finn,Blake,205@fastmail.com,",[08HUju.y=l"
630000331,Alisson,Mcintyre,tyre@gmx.com,?gmuA0jT:BjM
630000332,Mohammad,Wagner,889@zoho.com,q#e0jvA?h22l
630000333,Campbell,Hall,Campbell38@rocketmail.com,@sTs&y3.^8sP
630000334,Lizeth,Levy,406@rocketmail.com,;+2YT5NPJPj^
630000335,Kenley,Howard,968HoKen@proemail.com,xNaOmw%a4YYS
630000336,Savanah,Barajas,Barajasah523@tutanota.com,"V>9Gh#=,(-E6"
630000337,Nataly,Cole,Cole938@fastmail.com,bwh7UTf:Qd1@
630000338,Kailey,Mcdaniel,41@live.com,^k_OTmKS=L:n
630000339,Rodrigo,Tyler,Tyler566go@mailinator.com,kT^AP7(P5HEY
630000340,Caiden,Walls,757Caiden@live.com,[dJMArk|u)eB
630000341,Julia,Mitchell,Mitchell559Julia@outlook.com,M98x2Gp*:__o
630000342,Alejandra,Hopkins,jandra@proemail.com,r9#4ktq.!%7)
630000343,Madison,Pennington,PenniM@hotmail.com,42_>wV&$qhp.
630000344,Nehemiah,Rich,Nehem238@mailinator.com,ZT.iP;H!H_aT
630000345,Mekhi,Bernard,@yandex.com,.1c[:A{xd]{d
630000346,Deon,Schwartz,728Schwart@proemail.com,N2owMm>Aw9k!
630000347,Julianne,Ross,562Julia@hotmail.com,-*B3~r)Gp+Q7
630000348,Tyrell,English,Engl359@gmail.com,"t6b}KVtB,>gX"
630000349,Ivan,Rocha,RI276@disposable.com,.4lyB-zXCc=&
630000350,Moises,Duke,Duke@gmx.com,>24WBH=FYHYk
630000351,Jaelyn,Chan,Jaelyn@mail.com,Od6@%dgL&gYB
630000352,Remington,Myers,Remingto474My@hotmail.com,hx@b#q3{+cUu
630000353,Lauren,Brady,317Lauready@zoho.com,OR6*5kR~35Yk
630000354,Cannon,Nixon,on@hotmail.com,nXU}-UNjnXO2
630000355,Jamison,Morrow,Jamison270row@zoho.com,t.?(OS1CjhF#
630000356,Brianna,Fitzgerald,Fitzgerald851@mailinator.com,riWov_LlHq&+
630000357,Itzel,Huffman,I@proemail.com,7l;WNyE}>!=@
630000358,Karley,Gaines,yGai@aol.com,|]?n4!KN{Zg[
630000359,Khalil,Thompson,Tho@gmx.com,"d]1oW},O1wT|"
630000360,Emery,Miller,eryiller68@outlook.com,j?FBMPn#Wp9N
630000361,Jaelyn,Cantrell,491@gmail.com,XdMEx=)H^jVP
630000362,Lucille,West,803WestLucille@mail.com,T]iNvye_UrgL
630000363,Abel,Carpenter,penterel@tutanota.com,YzeU+$;JB3$o
630000364,Dylan,Floyd,FDy@proemail.com,"VOJfOG,~;B=r"
630000365,Dante,Rose,te@hushmail.com,<&{x%5YGOrIn
630000366,Melina,Fernandez,Melin847dez@zoho.com,"2%sj#ad+o,?t"
630000367,Jaden,Aguirre,Jad499Aguirre@gmail.com,J2{xxayfIU5>
630000368,Kiana,Moss,naMoss@hushmail.com,"oH;sQ&hRdJ,e"
630000369,Amira,Lin,975AmiraLin@yahoo.com,ge+DxmE:;gjb
630000370,Jalen,Pace,469@inbox.com,[sR}LxNHKdiF
630000371,Rowan,Miranda,@mailinator.com,N@_78[T_XUs#
630000372,Sarah,Gallegos,rah691llegos@mail.com,eVUYd6|Gz^2G
630000373,Dominique,Woodward,nique623@live.com,",;,DSabjDL>E"
630000374,Willow,Mccarty,WilloMcca@zoho.com,N;OYxlocGd&w
630000375,Eliza,Munoz,Eli@icloud.com,IuEK|]9%F5Rl
630000376,Gustavo,Stark,StGustavo@gmail.com,yCAZ2$*f2JP;
630000377,Jaylyn,Carpenter,625Jaylyn@mailinator.com,*}M8%)OkD74E
630000378,Taylor,Rollins,140@yahoo.com,B4-:fRqFA{~>
630000379,Ian,Brewer,Brewer204@disposable.com,ijsI<tT}|Fhk
630000380,Kaylee,Rich,Kaylee@rocketmail.com,4V]WsZ<YUQ]:
630000381,Kamron,Rich,Rich@gmail.com,NSAA4ZVVnAcf
630000382,Kole,Davidson,45Kole@gmx.com,$A8m)LB-2Hwf
630000383,Macy,Huff,638@inbox.com,-iF:Y#)5lh1.
630000384,Eduardo,Richardson,554Eduardo@fastmail.com,Qk(?lu2dEM39
630000385,Brice,Bray,830@aol.com,8{7Oe?ZJKuW2
630000386,Ashlee,Goodman,176@mail.com,hC&o-to06fuN
630000387,Camila,Benitez,Ca270@outlook.com,?o{uSsc<-(WR
630000388,Jazmin,Contreras,JazminCon@hushmail.com,"YT(4>,3weW]R"
630000389,Maximo,French,Frenchaximo208@yandex.com,qRP+:$^q!in(
630000390,Edgar,Wolfe,805@outlook.com,<]@lV7v~!AKY
630000391,Madilynn,Riddle,426@protonmail.com,BQkBHn1m>u)B
630000392,Briana,Clark,Clark@zoho.com,IXFAEnZhU2rx
630000393,Noe,Lutz,767@live.com,u]pJGxza0^GK
630000394,Craig,Petty,CraigP742@tutanota.com,[qII0WgK=?L*
630000395,Asher,Irwin,821Asherin@gmail.com,"MZSWQ3,wqgQ{"
630000396,Amir,Huffman,991@protonmail.com,7<6hbz-%pg{7
630000397,Amina,Ford,FordA928@icloud.com,j$J>[X4S~qSP
630000398,Emmanuel,Moon,289Moon@mailinator.com,C^N9rb(jak<J
630000399,Aldo,Dorsey,375Dorsey@protonmail.com,d*}f<;%)s9b&
630000400,Larry,Cruz,CruzLar605@icloud.com,5]Qz@_ljA;p+
630000401,Miya,Moon,224MoonMiya@fastmail.com,~EUZ@w($6gTa
630000402,Janiya,Jacobs,196Janiya@protonmail.com,*a7B(0)Va4S@
630000403,Tristian,House,Tristian923House@live.com,"7LMhF^,Fw1P<"
630000404,German,Ho,GermanHo@hotmail.com,O5.tMPGYr4F?
630000405,Irene,Knapp,837Kna@zoho.com,"Z,Vt?6RpX@MQ"
630000406,Bianca,Henry,ancaHenry@hotmail.com,k-+PJ;hjLK:O
630000407,Jayvon,Galvan,Jayvon674@zoho.com,bNg$?faID9?@
630000408,Adriel,Arnold,153Arnold@hushmail.com,BL;gkBR{}1a6
630000409,Raina,Arias,ina734Arias@proemail.com,2k$4Dc}WaJRi
630000410,Brycen,Carson,375@hushmail.com,"PTIx;6^!,QI-"
630000411,Ava,Molina,Ava185@proemail.com,Vvy43]KlxFo}
630000412,Lexie,Neal,305Neexie@zoho.com,j$EZWTp9<eUh
630000413,Lennon,Choi,Lennon@aol.com,tv5#5I|Wok{Q
630000414,Naima,Pruitt,466ma@inbox.com,=pJ2TF&QW!Lg
630000415,Gary,Schultz,Schultzry22@mail.com,!rqbTYkVdP8:
630000416,Lukas,Ayala,753@yahoo.com,-*$cY:+Gs~$>
630000417,Elyse,Floyd,FloydEly2@zoho.com,VI$Xe)%Y[l;y
630000418,Atticus,Maxwell,us@gmail.com,sgbIaJ.GP%>u
630000419,Dayton,Mcconnell,D@hotmail.com,5oyh+s4G.^Va
630000420,Paris,Guzman,ParisGuz@zoho.com,xK3UXu1p}2L>
630000421,Averie,Drake,akeAveri285@mailinator.com,&uD#{uWZ>IL=
630000422,Cristofer,Buck,kofer@disposable.com,$T+?DR?GW0IN
630000423,Nola,Peterson,@hotmail.com,?51@qP#3Go61
630000424,Aurora,Erickson,Aurora@zoho.com,#RQIbIY<kcHZ
630000425,Anna,Chaney,510aney@yandex.com,8{=|LyBL&:i?
630000426,Sincere,Fletcher,Flet363@live.com,bar$sy]3j@zY
630000427,Ella,Barker,Barker89@disposable.com,dRx7>FA|u%*!
630000428,Raina,Flowers,83F@aol.com,G}8BN]SS-tLF
630000429,Quentin,Haley,entin254@aol.com,$wzyYve9v0Tk
630000430,Penelope,Jacobs,JacobsPenelope@hushmail.com,5|2U6K;{.]Z(
630000431,Tristan,Garrison,ristan@hushmail.com,4xw3!6zgVqEF
630000432,Asia,Costa,75@mail.com,AgDXgMEcDcgW
630000433,Aniya,Boyd,BoydAniy@inbox.com,UF#z<>wA@LIb
630000434,Trevor,Ellison,174TreEllison@disposable.com,"Z=pgg,i&%31|"
630000435,Kristin,Cardenas,Cardenas@zoho.com,1Q!WHj+MQZaJ
630000436,Hailie,Durham,828@aol.com,"Gw,:$TehvzS6"
630000437,Maritza,Mullins,804ullins@live.com,"P,i5S(|L#(e?"
630000438,Chaim,Mccarty,Mccarty@protonmail.com,"Z(y,UJ=y9*YP"
630000439,Franco,Massey,osey975@proemail.com,WP:&e&4.nHKd
630000440,Ashly,Patterson,As@yahoo.com,Y.Ul7)fPAbzV
630000441,Taniyah,Valdez,126Valdez@fastmail.com,"<,jcZop2;ns}"
630000442,Guadalupe,Macdonald,708@hotmail.com,%JaFe3$3)2ij
630000443,Iyana,Buckley,448Iy@gmx.com,An^nsJI_Qq&n
630000444,Elisha,Snow,36Snow@gmail.com,9hzQ[O=kV~*Z
630000445,Lucas,Houston,309@gmail.com,.Kxw9#AvO$ux
630000446,Catherine,Chapman,69Chapman@proemail.com,PowPcQ@hn$}s
630000447,Ashtyn,Jensen,shtyn510@disposable.com,"*,KqRe*O(|*2"
630000448,Layla,Thompson,Layl820Thompson@tutanota.com,ZFrn^qD~rJ.8
630000449,Kaelyn,Cooley,53@yandex.com,ITmL=i{ergt0
630000450,Esther,Short,Shortther567@tutanota.com,"MSLZPu*K|q,%"
630000451,Dylan,Davis,Dav386@fastmail.com,&qjBhp~j$%FE
630000452,Alma,Garner,Garner902Al@disposable.com,WsPZ)|H6XV!i
630000453,Jenna,Robertson,tsona@inbox.com,BRV]*ZW>uP(p
630000454,Derick,Cole,erick@outlook.com,)dEWvN[9$L)[
630000455,Luna,Tate,L@protonmail.com,D{#bXmz?>1S(
630000456,Derrick,Peck,Peck@rocketmail.com,2SU5dbJEkZo)
630000457,Jessie,Rangel,692sie@hotmail.com,u^_kvhbU[yqq
630000458,Evelin,Choi,Evelin571Ch@inbox.com,D[|~htKh8bvK
630000459,Ayla,Washington,AylaWa@mailinator.com,e$=1J=aRzvsv
630000460,Caroline,Ferguson,rolineFerguson@disposable.com,g2V7>})]y;Jo
630000461,Chad,Holder,1000@yandex.com,S-0j1OL:L>T5
630000462,Joaquin,Robinson,Robin358@mailinator.com,dATD2sbjv?DA
630000463,Alessandro,King,KingAlessa@hotmail.com,a26+4}Zu4:+&
630000464,Naomi,Snow,N@yandex.com,sTBW^*IN;9Mv
630000465,Orion,Bowman,Bowman@zoho.com,3=W33%SlzZlB
630000466,Zack,Hanson,Zack@inbox.com,HEfZxpn<mH5M
630000467,Fernando,Landry,rnando678L@tutanota.com,&B^~X>:Bw:n.
630000468,Kaylah,Coleman,Kay333@gmail.com,"0e}T,(^:ob%s"
630000469,Carlie,Pham,517Carlie@inbox.com,M<Vq$&5HDxLJ
630000470,Avery,Mitchell,MitchellAvery@disposable.com,k;q:f]ol<v&]
630000471,Mireya,Duncan,126Duncan@aol.com,",)Qe7(h:%iP)"
630000472,Giada,Mckee,559da@yahoo.com,hh=exB=mkmyp
630000473,Dayton,Carney,Carney@proemail.com,{.?6jO@!>-eI
630000474,Kaley,Anthony,108@protonmail.com,{v:[xZ)c$80E
630000475,Gabriela,Wilson,iela@zoho.com,dCk2qLX)lI&w
630000476,Landen,Dorsey,946@tutanota.com,|fGyeUO+owf*
630000477,Mckayla,Stokes,Mckay@mail.com,!iT1uf07aZGl
630000478,Lillie,Sosa,Lill@live.com,"#tAj|,xsp1GS"
630000479,Danielle,Vance,ielleance@live.com,J6dtQuUo:.XL
630000480,Issac,Mendez,851@gmx.com,CeRT&I2nd9cu
630000481,Maverick,Pollard,576Mav@zoho.com,"DDFUv8_>,6TS"
630000482,Garrett,Michael,Garrett886@live.com,|V?dpD&i?yPR
630000483,Richard,Mcconnell,34RichardMcco@fastmail.com,g>hMuHnhjAXv
630000484,Juliet,Booker,B134@yahoo.com,"$hAh,w0RR3Jj"
630000485,Cameron,Woods,C@live.com,"dW&,#HY@@x:6"
630000486,Hamza,Edwards,296@proemail.com,%.arUd#jaKDI
630000487,Tristen,Mcgee,Tris584@proemail.com,(Y^g}^aVg|tC
630000488,Chandler,Werner,283@aol.com,"Shni=Ohz-%p,"
630000489,Lamont,Colon,863nt@live.com,]OQbXT3V%:M<
630000490,Madeline,Roach,Roach@gmx.com,"?64^,VCVbA0w"
630000491,Ishaan,Knapp,K796Isha@protonmail.com,3v}YF2p!.Gc=
630000492,Kai,Liu,594Liu@mailinator.com,"<Xve,~h7quL#"
630000493,Fernando,Massey,172Fernando@icloud.com,KoLtQpPcG@b5
630000494,Averie,Miranda,949MiAver@gmx.com,%g+l}rWF<c(3
630000495,Haley,Stein,Haley202@icloud.com,sI^4y6k:AZTn
630000496,Calvin,Beltran,67CalvBeltr@inbox.com,2IMW_wWe%W8d
630000497,Leticia,May,M498Leticia@rocketmail.com,z1Zu@55;:Ftp
630000498,Sidney,Burke,365@yandex.com,dzWe1?DF_*Uw
630000499,Jeremiah,Herman,Herman623@yahoo.com,oK{)X%B4rX=V
630000500,Natalya,Ho,atalya365@icloud.com,<g(mac5DD:y@
630000501,Dylan,Mcfarland,and@tutanota.com,ULh]CfQ]z1Fw
630000502,Lillianna,Tyler,lianna205@outlook.com,zUBe.p^V.LIn
630000503,Dashawn,Gonzalez,700@disposable.com,;)PWcNBU?fdo
630000504,Waylon,Clayton,WaylCla791@fastmail.com,"@1,Iyx*E-kt*"
630000505,Diamond,Shepard,ShepardD@inbox.com,%^gZDU{68p4y
630000506,Brisa,Blackburn,816ackburn@hotmail.com,"yv,1e[u;d8dQ"
630000507,Colby,Stokes,183Colbys@inbox.com,S3Tki*!Aa&hQ
630000508,Beckham,Hoover,Hoover800@proemail.com,F]&(cKCK[g3B
630000509,Damian,Stephens,Stephens@protonmail.com,W)>DY8|EjJ-2
630000510,Jessica,Arellano,314essicaArellano@yahoo.com,1J9HXDIdF=P4
630000511,Antoine,Mendez,Mendez@fastmail.com,d@hxYq8wBlUs
630000512,Brooke,Pearson,Pearson86@inbox.com,nG$hTfHFemN$
630000513,Mia,Montgomery,868Miary@mail.com,WT%D3;7YfX3{
630000514,Trenton,Price,Trenton600ce@zoho.com,IGUZwGU+]9t}
630000515,Martin,Morales,186ales@yandex.com,t=8.tiO[.}g&
630000516,Blake,Oneal,Oneal@yahoo.com,B%gR~:zro{Ox
630000517,Matteo,Shepard,512S@aol.com,(<*QN{#&#qk#
630000518,Marlie,Rollins,569@aol.com,L((LCGaH4Nn~
630000519,Ali,Velez,808AliVelez@icloud.com,"A_@TZ+Ny9@,)"
630000520,Seamus,Beck,Beckus98@live.com,[N1MIA<YNYks
630000521,Theodore,Duarte,412Du@gmail.com,uj%]LZ!>RX[+
630000522,Briana,Townsend,Bri@hushmail.com,ch[oVKa{W3Wv
630000523,Camille,Fitzgerald,d@aol.com,7*Fs4Rt*;Te<
630000524,Mina,Chavez,Mina979Chavez@zoho.com,?UXjkWtRlG=I
630000525,Ivan,Spence,Spencn769@live.com,C#uXjGzNyny<
630000526,Gisselle,Lang,266selleLa@tutanota.com,=Wka=?iFWqd^
630000527,Isabel,Matthews,389MattheIsabel@protonmail.com,g;1.S4Jp.W)q
630000528,Jair,Nichols,973NichJair@mail.com,]8](??r24GNb
630000529,Carley,Atkins,938Ca@hushmail.com,I](R=5ng]yTi
630000530,Mia,Choi,Choi436@outlook.com,emx~Sh7.rdke
630000531,Greta,Cochran,GretCo616@yahoo.com,dtPj_>~DFm:]
630000532,Dania,Ritter,509aniaRitter@proemail.com,S(h]qI~4oJUv
630000533,Ashly,Harmon,Ashl518@disposable.com,h;bDa]G*wsm:
630000534,Danica,Villanueva,907icaVillanueva@yandex.com,aNW8R~YIu.(x
630000535,Alexis,Ferrell,701@hotmail.com,KN[X>;D$$Tzr
630000536,Ezequiel,Jacobs,quiel@live.com,YbQXopC*i<Z~
630000537,Mariah,Haley,H@tutanota.com,!NCibG:F+6a{
630000538,Caylee,Potts,865Caylee@yandex.com,HrEJfOsp8:B=
630000539,Mitchell,Cochran,chellCochran@live.com,"=HJ,dh(0VU1e"
630000540,Gia,Gregory,GreG@hushmail.com,8k*^W<H$!)!(
630000541,Austin,Hamilton,@gmx.com,#-h-}Y{dE(s|
630000542,Moriah,Park,ParMoriah@disposable.com,)ey8H{JBs6KJ
630000543,Nyla,Beck,Be184a@rocketmail.com,]JG-B?T0HvT!
630000544,Zackary,Barber,Zackary34r@icloud.com,l|jz$(C@4w3h
630000545,Thomas,Schneider,ThomasSchneider440@tutanota.com,xBcrjq.?IJtx
630000546,Athena,Weiss,Athen139@yandex.com,jAvWpb61R1ni
630000547,Ray,Zamora,569RayZamora@mail.com,)xsR3v;;%E6q
630000548,Ashlyn,Calhoun,n595@hushmail.com,E()M@U9eEPh9
630000549,Jared,Wilkerson,382@outlook.com,AS_7g?V8=g52
630000550,Imani,Vaughn,Imani436@protonmail.com,M8?nB{(n*H>n
630000551,Kaitlyn,Fletcher,KaitlyFletc@fastmail.com,"Y@ee.,k,&ngT"
630000552,Genevieve,Costa,Costa@yahoo.com,E}j]Mn?:{M;+
630000553,Kimberly,Holder,KimberlyHolder346@protonmail.com,Spw3LTz#bMV!
630000554,Hugo,Lane,ugoLane98@protonmail.com,p^UUxjYy)bXB
630000555,Reese,Valenzuela,82@disposable.com,T(pfA~]wh-fk
630000556,Camryn,Cunningham,700Camrngham@tutanota.com,cV].2mgXd85j
630000557,Ace,Lin,Lin@yandex.com,=bKYkAI.?4O9
630000558,Jamarion,Terry,Jamar@aol.com,.3=(YhJJmvGS
630000559,Kevin,Hines,Hi@zoho.com,8a!5*|~FX:{@
630000560,Laurel,Haley,y@gmail.com,J8PrH[xqt00>
630000561,Bo,Fletcher,Flo@hotmail.com,WX5P^SZZ.q}Y
630000562,Asa,George,357Ge@rocketmail.com,yxGxyjvewB]k
630000563,Imani,Sanders,366Ima@yandex.com,&8Y1q?g97V^U
630000564,Jake,Kennedy,JKennedy318@disposable.com,Aad7C0pt:fWS
630000565,Uriel,Baldwin,Ba@proemail.com,n4|k8&EAU*}3
630000566,Sebastian,Ashley,749@rocketmail.com,~4#7MX<CIqi<
630000567,Lacey,Gray,392LaGray@tutanota.com,"X-NMH*,8fXa]"
630000568,Brodie,Robles,odie1@fastmail.com,Xdv8O]eY1AEb
630000569,Chaz,Cuevas,Cha368@mail.com,E>bNm9t%lYX5
630000570,Janae,Stephenson,anae68@inbox.com,"&13)X,i0D5|d"
630000571,Chana,Walker,485@hotmail.com,Q?izN2ZN6wWE
630000572,Justine,Mathis,239Mat@aol.com,heP7wcL|P4b=
630000573,Jaylene,Winters,Win510Jayl@zoho.com,Zn8;$cztX>m!
630000574,Jennifer,Abbott,243@aol.com,-FPbRo^IWacC
630000575,Brisa,Barker,878Barker@tutanota.com,%fSTtLmil(;z
630000576,Bryan,Cortez,894Cor@outlook.com,#Ue#pAO>2OfA
630000577,Antonio,Frey,ioFr284@hotmail.com,2@n>iJrT;V6w
630000578,Shayna,Nunez,Shayn981Nunez@outlook.com,z*)ri)}hDn%]
630000579,Angeline,Horn,Angel@zoho.com,FV<NDqP:2;Jn
630000580,Izayah,Bass,BassIzayah939@zoho.com,kR+>!W1B#=uH
630000581,Omari,Yoder,Omar@icloud.com,"u|$X)E:G!98,"
630000582,Kaliyah,Ellis,949@hushmail.com,i}iMHELUca53
630000583,Daphne,Martinez,artinez123@rocketmail.com,Q}r*^c?}sWNA
630000584,Isabell,Kline,Kl817Isabell@zoho.com,LEaL%5^U!gIZ
630000585,Jolie,Massey,ieMas968@proemail.com,hKv#fR}.IdDJ
630000586,Savannah,Goodwin,S@protonmail.com,!63MB5UL:mwb
630000587,Keagan,Meadows,Mea469Keagan@hushmail.com,6=WxTMs*~:-<
630000588,Adam,Park,279AdamPar@rocketmail.com,V3cZA3ih>TF9
630000589,Joseph,Mcconnell,965Joseph@gmx.com,D?6|ti[U5([E
630000590,Moses,Blankenship,Blankenship@yahoo.com,.V|.(%WqON-9
630000591,Jermaine,Hurley,Hurley@mailinator.com,L-N05RhKWDl4
630000592,Jaydin,Sanchez,aydinSanchez898@hushmail.com,gSQ*d5>-gH;I
630000593,Esther,Stanley,Stan324Es@hushmail.com,scUUrCADqQET
630000594,Eric,Butler,ButlerEr151@outlook.com,8T.s>7pfx^?|
630000595,Amari,Proctor,Amaritor@yahoo.com,B1&.TUqDG(C9
630000596,Felipe,Raymond,763@hotmail.com,-34<@.|;(W]<
630000597,Olive,Guerra,Gue@gmail.com,"vlg,L=|ha$VR"
630000598,Marina,Berg,rg@yahoo.com,T5dZ39YbzB^~
630000599,Ashanti,Herman,395erman@gmail.com,!xxZ}z1cAu7f
630000600,Mya,Higgins,48My@disposable.com,iJ0jt#Ah;E>B
630000601,Tatiana,Swanson,562@icloud.com,U1aLJ&Qdcj|5
630000602,Judah,Lambert,Lambertudah@proemail.com,p<0ez&uzN(_j
630000603,Kash,Booker,KBoo@yahoo.com,"#G,(f!NOOZf%"
630000604,Jay,Le,724Jay@inbox.com,%_Yg<wVtA=4r
630000605,Leila,Warner,974WarnerLeila@mailinator.com,"Kodkp(JE,Zw~"
630000606,Marcos,Dyer,481rrcos@gmx.com,L^~j_9y?281v
630000607,Kasen,Best,est@gmail.com,;Loh[M.2%5.#
630000608,Elaine,Patrick,ElainePatrick@mailinator.com,Mhz7Cl+2=oA_
630000609,Carley,Vance,Carley@proemail.com,vpw[+eAi6egc
630000610,Tyrone,Barber,TyroneB287@hushmail.com,kjd!prA02KZQ
630000611,Kamora,Farrell,mora796Farre@gmail.com,RcG_t:bml@&b
630000612,Karson,Barr,Karson967@gmail.com,eFCK8)7^ZDDG
630000613,Zane,Meadows,166@yandex.com,"O+9t)e2]s,_-"
630000614,Reagan,Prince,rince116n@zoho.com,~0;nh+]|FS~3
630000615,Ryleigh,Ramirez,Ryleigh135@zoho.com,"b,eO;#u^8vaW"
630000616,Frederick,Simpson,Simpson778@proemail.com,7lrIk5;V<W32
630000617,Brylee,Green,enBrylee@outlook.com,gXDbC%E&!.t+
630000618,Nina,Hughes,Nina750Hughe@mailinator.com,O3MPbHd&bAmk
630000619,Skyler,Santana,360Santana@rocketmail.com,0ql&-R+=uH!v
630000620,Kobe,Giles,es@yandex.com,BaTj9W${CIxo
630000621,Steven,Skinner,773nSkinner@aol.com,"?5[R3UME}2M,"
630000622,Karson,Kaufman,901KarsonKaufman@yandex.com,6M5D+&+{o%5X
630000623,Finnegan,Cisneros,osFinnegan774@aol.com,U4?I^3jMzuZ:
630000624,Mina,Ward,940@hotmail.com,Kb?fLE4r3zP1
630000625,Deacon,Hull,l@mail.com,Kt|5:JWR*h1;
630000626,Jude,Tate,758TateJ@icloud.com,z]dJb3#ztS3t
630000627,Wesley,Tyler,Wesl@tutanota.com,f*)uhf6_;y!5
630000628,Dominique,Maldonado,470@aol.com,n-@%8U^ao4Kd
630000629,Stacy,Morales,MoralesStac916@rocketmail.com,r:+(hLl.tiJF
630000630,Davis,Huff,Davisuff@yahoo.com,"q,@F[=mienv4"
630000631,Salma,Fisher,846er@protonmail.com,xvV~@K<tX?Ll
630000632,Chanel,Holmes,Chanel@rocketmail.com,@08#vHytlGVU
630000633,Humberto,Wright,W340@gmail.com,zck_v&!={LUJ
630000634,Ryker,Hunter,828r@mail.com,Gcka>nrcY~@g
630000635,Alisha,Fields,AlishaFie@gmail.com,"B,?SoimpZsAC"
630000636,Julio,Fuller,iouller@disposable.com,pWABDD9j4XbE
630000637,Ruby,Bell,BellRuby@gmail.com,%:j01X=Gw^Tv
630000638,Enzo,Bradley,Bradley@inbox.com,pBN6j+5YUxQW
630000639,Cassidy,Brady,Brady@gmx.com,",p+GS^?kmm[7"
630000640,Mckenna,Kline,KliMckenna@inbox.com,h%OHv0juxI}R
630000641,Kash,Fuller,h184uller@gmx.com,#cc|D6]Z?5n.
630000642,Addyson,Carr,722sonr@live.com,>JXtmpp8+sKG
630000643,Aldo,Logan,n480@mail.com,!F5>ou^)bKV*
630000644,Paula,Pacheco,PPacheco@aol.com,"Qf&r{,bVZkpC"
630000645,Lauren,Calderon,Laure281@hotmail.com,Da4zbg?z?Y!C
630000646,Porter,Hatfield,Portld999@icloud.com,dQbO8j0jWeCt
630000647,Callum,Drake,Drake@hushmail.com,ZuuAnojaH:RV
630000648,Peyton,Beasley,774PeytonBe@zoho.com,hzUk+z]<.Ss9
630000649,Adrian,Spears,Adrian676@hushmail.com,"U3[>~?;*d4S,"
630000650,Kyleigh,Sandoval,466Kyleigh@yahoo.com,ul^95sPq*Ota
630000651,Alfredo,Holmes,AlfredoHol465@live.com,QI7NxOKEe[f_
630000652,Madelyn,Cisneros,Made@yahoo.com,8@:-La*xl?iy
630000653,Rene,Robinson,binsonRene@fastmail.com,r_j4]PC<Uq*!
630000654,Dillon,Bailey,721@disposable.com,@FRr545v.kQq
630000655,Sidney,Henderson,Hendersonidney@gmail.com,&o2[Pj7ns=oI
630000656,Maleah,Cunningham,Cunninghameah@protonmail.com,p9[fU(+UKhmV
630000657,Chloe,Hutchinson,Hutc@gmx.com,>oNe^GXR8[]v
630000658,Evie,Conrad,ConradEv633@gmx.com,([jZSm7I~h~3
630000659,Stephany,Arias,141@proemail.com,2@-$<thu~F*5
630000660,Jacey,Roberts,Jacey837@mail.com,yS_+o~-X_Hqp
630000661,Rylan,Larson,532Larson@proemail.com,7Lf#@PzxFz0s
630000662,Erika,Finley,Erika207@inbox.com,Xv]fW!kl!d=m
630000663,Taniyah,Gamble,@outlook.com,F3q~!&uXq}6)
630000664,Cara,Phillips,ra959@mailinator.com,i|_*hF(q}S=8
630000665,Deon,Owen,Deo156@icloud.com,n[]+w;NNL+Hr
630000666,Amir,Avila,610a@proemail.com,.d%e.htcgHa#
630000667,Roy,Rios,RRo@hotmail.com,|].3!-mA->4f
630000668,Faith,Daugherty,765Fait@fastmail.com,o6;1}:%<>vFz
630000669,Lyla,Walker,687@protonmail.com,Oj=dei-V>_cD
630000670,Quincy,Mccormick,uincyMccormick@protonmail.com,"?J=0,v1[h6h?"
630000671,Jolie,Sims,SimsJoli731@mailinator.com,]D6jg_0!CWg4
630000672,Sergio,Blackwell,Serg@tutanota.com,s<A{Cmjb-jyq
630000673,Carolyn,Church,467Carolynh@tutanota.com,TEXJnvK#TFbM
630000674,Ivy,Washington,365Ivy@mailinator.com,"u2X,fhfkXcq+"
630000675,Javier,Hull,r@inbox.com,9%QYv&wpzCc.
630000676,Lorena,Clarke,458@tutanota.com,msSkA<hJ|5L0
630000677,Fernando,Perry,786yF@inbox.com,PaY_-WPl?tTi
630000678,Talia,Odonnell,Talia546Odonnell@gmail.com,C94GSK0?PlZb
630000679,Carla,Erickson,CarlErickson221@mailinator.com,|3$:Z(CQfxR[
630000680,Maryjane,Vaughan,590@mailinator.com,"D(n%++MH,93P"
630000681,Fletcher,Curry,Curry805Fletcher@live.com,",d7|L(ZpU0@h"
630000682,Maverick,Blanchard,Maverick@hushmail.com,|=tX$M~EdH}%
630000683,Travis,Fleming,Travis312@hotmail.com,uSKU8eF#p7B=
630000684,Camila,Frazier,la@gmx.com,T)DMAZ_H(3]-
630000685,Adonis,Giles,sis110@disposable.com,S1@aNmaS$dBT
630000686,Cecilia,Mclean,282Mcl@tutanota.com,.k1E#[NN3u=P
630000687,Ismael,Velasquez,Ismael353lasquez@fastmail.com,"BC,@fB8%poi("
630000688,Haley,Morrison,Hale@hushmail.com,"$B+r1v=5AH#,"
630000689,Fiona,Johnson,Johnso@disposable.com,R;RG7mZJO[~V
630000690,Layton,Clements,ayton@hushmail.com,S-UkpgpxJ}#b
630000691,Carter,Kaufman,996Ka@zoho.com,HVq?=%8XUMkp
630000692,Janessa,Park,P411@outlook.com,:$<@4}<3uXOo
630000693,Kade,Pena,na@disposable.com,b3uzG-&#Q)2n
630000694,Susan,Freeman,853Freema@rocketmail.com,&NHNj.VK47ac
630000695,Eduardo,Stafford,ardo@hushmail.com,>4aL*WUKU;b.
630000696,Alberto,Moore,987rtoM@gmx.com,GuF|GX<DNWo3
630000697,Immanuel,Arnold,826@hotmail.com,A{]C%vbBS7H>
630000698,Skyler,Cervantes,Srvantes372@live.com,X]T+Y7^iynF&
630000699,Uriel,Terry,Terry@hotmail.com,jzj|mrkxXpa1
630000700,Anya,Stephenson,907tephenson@hotmail.com,"SOhe=,9m7,dC"
630000701,Sydnee,Lucero,ro@tutanota.com,)TE0]Ld:|+MG
630000702,Roberto,Guerrero,Ro@hotmail.com,HVf6x6Ng_gDi
630000703,Shawn,Short,wnShort818@yandex.com,dat{U}vZvJlg
630000704,Xzavier,Beck,XzavierB@gmail.com,r@y4gW^=JZ%I
630000705,Emilio,Leach,LeachEmilio@gmail.com,X:uot_<#H0AP
630000706,Elijah,Fry,Elijah871Fry@yandex.com,"*nc|{R,eaOQ~"
630000707,Aliza,Becker,488@tutanota.com,6mN:R(e>RYoI
630000708,Bo,Manning,Manning481@fastmail.com,lhOGl?e3s)S:
630000709,Nathaniel,Frederick,iel@mailinator.com,:4*1rlTjQ]My
630000710,Kolten,Russell,287@gmail.com,L;N|Mk7<ZlK(
630000711,Jimena,Madden,Jimen@icloud.com,Cv44uWWCBv-U
630000712,Renee,Sharp,104ShRenee@tutanota.com,$ZKGNY@.U[K@
630000713,Douglas,Mullins,451@fastmail.com,i^[ergqq_OFH
630000714,Anderson,Mendez,355MendAnde@yandex.com,QdNh_nZSOm0M
630000715,Viviana,Sparks,Sparks@yandex.com,LGm&p}!8j&Xx
630000716,Lexi,Kim,625Lexi@hushmail.com,"9bo,*4-42DA_"
630000717,Saige,Wiley,291Saige@protonmail.com,)r$k<6~^1VHU
630000718,Connor,Parker,302er@aol.com,olYSVTifs|Lr
630000719,Sofia,Walker,SofiaWalker@fastmail.com,[HqiXreIK$Sj
630000720,Matilda,Ritter,Ritter958@rocketmail.com,bbJ12a7{SNDv
630000721,Armando,Francis,884rmandoFrancis@proemail.com,:dEl8_QH3#1l
630000722,Casey,Mcbride,501rideCas@outlook.com,W!b)W89HiVb}
630000723,Denzel,Poole,416@zoho.com,fU4%[HnLw<l)
630000724,Kade,Cohen,adeCohen@zoho.com,UsjS.Sn>b_Iv
630000725,Mariana,Morgan,gan@zoho.com,*iQ6(HQZgO%u
630000726,Angelique,Ayers,AngeliqueAyers260@mailinator.com,ft$7I.2L?jK-
630000727,Aldo,Salazar,do236@yahoo.com,"8Dys,7ts8v>F"
630000728,Kira,Sandoval,doval@inbox.com,pSW{hH7y{p28
630000729,Nehemiah,Chapman,NehemiahChap883@zoho.com,ErwP[qRR@M{p
630000730,Quinn,Bray,Quinn223@inbox.com,S-$G9Pud3Y$K
630000731,Brian,Mcintosh,anMcintos113@proemail.com,QPnKSD}C26[!
630000732,Cierra,Donovan,CierraDonovan@rocketmail.com,fa~$&rg@0Nw-
630000733,Will,Henry,Henry247Wi@fastmail.com,Zl}jdR@!K6Ql
630000734,Yaretzi,Jenkins,63YaretziJenkins@aol.com,Zo~kOm}HWE-M
630000735,Lia,Mueller,LiaMueller@mailinator.com,yQP-SgqfU?fU
630000736,Darnell,Hart,l@tutanota.com,qV]%SX2w89zW
630000737,Paul,Riddle,Paul281Riddle@gmail.com,=H>]b}%y18Ft
630000738,Cordell,Hurst,Cordell@protonmail.com,Es^#oSq&KfX7
630000739,Akira,Thompson,75on@yandex.com,",s^9qkAo&nj("
630000740,Melody,Dalton,246@aol.com,"<q*sFfS|Q@,V"
630000741,Isabel,Bean,Bean@proemail.com,w3BFP|:C_4tU
630000742,Dane,Reyes,ane@yahoo.com,HYiSIhMr<6dZ
630000743,Cherish,Romero,sh@fastmail.com,a^Fw=*&Z{{Ny
630000744,Gina,Larson,852Larson@aol.com,ttS@WF:RTB!s
630000745,Destinee,Brooks,Broo406@proemail.com,OJ(DDQiNg8KW
630000746,Priscilla,Horne,rne104@fastmail.com,$@=!aJ<6W3LY
630000747,Carmen,Chen,Carmen776@yahoo.com,j0V|vHPP]r4J
630000748,Willow,Pennington,884Wil@yahoo.com,Z{M@C?pUSpCG
630000749,Amari,Larsen,AmarLar@hushmail.com,kC5$!Aeig?-a
630000750,Gretchen,Wagner,981er@outlook.com,h76rd#:50MxC
630000751,Kelvin,White,572KelviWhite@zoho.com,;3vXnpfF^{W.
630000752,Brooklyn,Davenport,DavenportBrooklyn801@rocketmail.com,Bo{D|L[6xz6;
630000753,Dixie,Bradford,594@zoho.com,"P$]txe*)LR,B"
630000754,Tyshawn,Buckley,594shawn@mail.com,u%SxTXEEM%u-
630000755,Lilliana,Middleton,Lilliana@gmail.com,TW3XnQ>OlqPQ
630000756,Megan,Williamson,Megan@yandex.com,"|@4Z1CYRo?$,"
630000757,Blaine,Dean,DeanBlain759@gmail.com,"CQ&9=2Sa5:L,"
630000758,Zariah,Petty,riah549@inbox.com,gY@k5s8O*qrg
630000759,Jaida,Acevedo,edoa506@proemail.com,"{aQ5)P,S-6M;"
630000760,Maryjane,Walters,MaryjanWalters@live.com,DHX@<~a<03s}
630000761,Ross,Morrow,324rrow@live.com,"mKkMrzfIZW,d"
630000762,Tristian,Dennis,n@outlook.com,Fwi=Xs^{gvz$
630000763,Jaden,Anthony,den@tutanota.com,L=fod#)T5-6E
630000764,Paxton,Mullen,936@protonmail.com,$ySWo5yMXn%>
630000765,Giovanny,Glenn,GiovanG@rocketmail.com,K4;#MP=xE{41
630000766,Kimberly,Shepard,mberly@tutanota.com,r=<DIB)BZY]j
630000767,Aldo,Wright,807@gmail.com,",=}:*7>2j|~N"
630000768,Ronan,Scott,431@yahoo.com,BzAmT?vF|?xx
630000769,Elisha,Powell,87ishaPowel@yandex.com,t7Vf_FQRNo{N
630000770,Fernanda,Franco,FernandaFranco560@fastmail.com,!M5eLTl@Iyn_
630000771,Dereon,Chang,123DChan@zoho.com,",uwQQadE0QK7"
630000772,Kasey,Watson,KaseyWatson@icloud.com,>N;Q*4<ygW@y
630000773,Abraham,Haley,ley720@hushmail.com,iCqukIHRzZuw
630000774,Arjun,Atkins,Arjun@zoho.com,RYNv?bHNfV0;
630000775,Patricia,Doyle,979Patricia@zoho.com,quOMjMG~3A5_
630000776,Jonah,Gay,862y@disposable.com,#k220Qs|09$M
630000777,Eugene,Hendrix,ugeneHendrix607@gmx.com,E!)(~l.37e>z
630000778,Keely,Zamora,ZamoraKe@mail.com,6Ub=vNnbm:.l
630000779,Kaylah,Prince,739PriKaylah@live.com,2nkwyU<xN!fc
630000780,Saniya,Atkinson,139@protonmail.com,V7YPkdm9-[$2
630000781,Ernesto,Castro,Ernesto595@inbox.com,p_pB{b{gik>I
630000782,Jaiden,Frost,F@live.com,HNA-JneVf!SN
630000783,Garrett,Reid,Reid@yahoo.com,"$#3%X,0!=|iQ"
630000784,Dixie,Branch,B743xie@mailinator.com,qu$A&lPtZ:PW
630000785,Antwan,Parsons,590An@fastmail.com,6e@ATSWO;wG:
630000786,Keith,Wilkerson,782ithWilkerson@protonmail.com,AE!TpRS]j$p@
630000787,Camille,Cardenas,605Camille@zoho.com,OJfyDqlZL>Z|
630000788,Taniyah,Brock,TaniyahBrock@yandex.com,V^-=R6~)4$ir
630000789,Randall,Lucas,698Randalls@gmx.com,Weynz}ih<Id2
630000790,Carter,Joseph,Joseph96Cart@yandex.com,wefUThuGLJr-
630000791,Gael,Adkins,873Gael@disposable.com,JA;>IPtOJu|$
630000792,Cody,Rocha,84odyRocha@icloud.com,-3{XMB[bh@]%
630000793,Bradley,Riddle,Riddle@rocketmail.com,fz9[.iZ${)VR
630000794,Yair,Rowland,841@aol.com,{B9X&T.VJRmZ
630000795,Joshua,Tapia,T@yandex.com,6ChM5n-xS2Ol
630000796,Jaydin,Garrison,33JaydGa@yahoo.com,isfcd5p.w&BD
630000797,Carissa,Wolfe,Wolissa491@aol.com,~5DZ)<j@_>=+
630000798,Skyler,Hodges,ler@yandex.com,F[frQG15Cd)H
630000799,Alena,Henson,n@gmx.com,vjw5.z}I4ao_
630000800,Audrina,Hodges,254Audri@yandex.com,OvKgiG%{HY}X
630000801,Raegan,Daugherty,DaughertyRa835@yandex.com,()H(q>D_(af+
630000802,Talia,Bowers,TaliaBowers@yandex.com,=?O@^{[8bM^3
630000803,Jaylee,Schmidt,Sch500@live.com,jm-W|$U_0_;:
630000804,Salvador,Alexander,Salvador@aol.com,4(7MSJ}@sN#}
630000805,Esteban,Robinson,363@outlook.com,",y6^;Fu~#Azd"
630000806,Rose,Jackson,R@hushmail.com,l33Aw75h&M-$
630000807,Jocelyn,Chandler,ChandlerJocelyn@gmail.com,!88)3:N4nloG
630000808,Aidan,Bolton,oltonAidan117@gmail.com,a=TgLqHUQax|
630000809,Annalise,Morgan,Annalise973@gmail.com,"=$$w4Gzat1Q,"
630000810,Colt,Shepard,816@mail.com,pW9hIqS~Al=~
630000811,Colby,Salas,as409@aol.com,e0]>L|Dh3Q.2
630000812,Patience,Mccall,Pati@icloud.com,"#oaXO8;Sasa,"
630000813,Micah,Saunders,SaundMicah59@proemail.com,Pw$k9tN2:r]8
630000814,Izabelle,Stein,716IStein@fastmail.com,^jyk0k6ZY?V&
630000815,Brisa,Hurley,HurleyBri@icloud.com,XJ$x>v|p><%_
630000816,Kyla,Kline,inea@proemail.com,6cDYo47_RNJW
630000817,Rashad,Booth,Boo@mail.com,5iTzritb%*k|
630000818,Davion,Chan,Davion@live.com,<%6[Y%;;lr>V
630000819,Belinda,Mccann,330@rocketmail.com,S5ik#Sn4KR47
630000820,Monica,Hall,ll158Monica@mail.com,",F_I=oNiNIPN"
630000821,Zachery,Wade,Wade@gmx.com,poqLXsC[pq4(
630000822,Lorena,Randall,a241@yahoo.com,.P?ugm>9pxQ?
630000823,Addison,Conley,ConlAddison@proemail.com,+hC4**DIh}BB
630000824,Roberto,Lang,Robert@mail.com,9I%NUO+5NS@]
630000825,Teagan,Oliver,Ol83@yandex.com,"?3{;M;)KNg,k"
630000826,Liberty,Wright,Wri316@tutanota.com,9TRo>H!|)L.E
630000827,Ean,Moore,977@aol.com,fJqVTUUSD*_o
630000828,Zaire,Potter,463@disposable.com,"]&0AlJtP,9oM"
630000829,Nico,Rios,Rio@proemail.com,~:Is>)H8w?C*
630000830,Shirley,Braun,BraunShi@mail.com,"Qv,F;d|SJ}hH"
630000831,Tripp,Guerrero,Tri@tutanota.com,a4<]ET.+dLRF
630000832,Juliette,Horn,264@gmail.com,]34d:x}c|m@u
630000833,Desmond,Shields,Desmond583@yandex.com,"RWGQ9,ZTS&<d"
630000834,Immanuel,Wu,336@inbox.com,"q&)t-,=_7&Ok"
630000835,Saniya,Edwards,126Saniya@inbox.com,&y4}>XYzu6Ge
630000836,Taniya,Morris,Taniya148M@icloud.com,Bn|_gyUu#%>=
630000837,Thaddeus,Cantrell,235Ca@yahoo.com,*djN%Ns<~(Iq
630000838,Journey,Ball,all977@mailinator.com,A#o1)nmps<aT
630000839,Donavan,Sparks,893Sparks@protonmail.com,_y[uJXn_o(hB
630000840,Angelo,Green,Angelo@gmx.com,2@3dFJ]6A(sD
630000841,Trevin,Morgan,TrevinMorgan@tutanota.com,e%0ZvCZt^e5_
630000842,Adyson,Simon,146ysonSimon@icloud.com,K|6nSwD%7#-+
630000843,Maggie,Harrison,588ieson@zoho.com,"x{L$,!(WFS}x"
630000844,Destinee,Dillon,tinee@fastmail.com,UxwxWVGi6EZZ
630000845,Jasper,Archer,Jas@protonmail.com,gqf6xQE*%bTh
630000846,Armando,Shepherd,93@protonmail.com,>lu}I=FEv]~g
630000847,Emerson,Mcclain,Emerson@icloud.com,"v&8,5OUhf30u"
630000848,Enrique,Patterson,Enriquen350@mail.com,TL6(v5c&?dIY
630000849,Allen,Gonzales,All@gmail.com,3FZ~q<+UqCFP
630000850,Deja,Trevino,42TrevinoDe@zoho.com,Vp}|9&q7dES^
630000851,Ethan,Duran,Eth978@live.com,mBJBc1H0|88n
630000852,Aldo,Barrett,764Ba@hushmail.com,yvizcR_ANPEN
630000853,Savanna,Hensley,ley@live.com,!1ld|QsL^q2P
630000854,Adalynn,Vega,296@rocketmail.com,:Skh6}C~{vGW
630000855,Hanna,Bruce,691Hanna@hotmail.com,@PL?kbCt|=hR
630000856,Julian,Marsh,Julian59@yahoo.com,M0OlnPQzc-[[
630000857,Shirley,Todd,Shirley@proemail.com,lbqgobF1oG>D
630000858,Brianna,Patrick,547atrick@yahoo.com,=x-bvPXw!)td
630000859,Izaiah,Murillo,177urilloiah@gmail.com,^p5.[vc68wz?
630000860,Sullivan,Small,982lllivan@yandex.com,gu>vAM9QU<fk
630000861,Andre,Pratt,227Andre@proemail.com,a5UacUHF+>co
630000862,Teagan,Floyd,Floyd809@yandex.com,"ISv!#Lna:Qv,"
630000863,Kathy,Gentry,6@yahoo.com,b!3$C}rPj;iL
630000864,Kristen,Haynes,Kristen@gmail.com,1q:{h#cclTDJ
630000865,Ibrahim,Terry,752@mailinator.com,tc=SSKgoJ;FE
630000866,Aaliyah,Colon,274@mail.com,RoZymS78[.sN
630000867,Jaylah,Mckenzie,JaylahM@live.com,%-&TEEJN#!OB
630000868,Odin,Carney,y@hushmail.com,"(,e?(aoO}zs{"
630000869,Nicole,Dillon,532@outlook.com,gv0or*m}nWEH
630000870,Luciana,Krause,62Krause@zoho.com,)%O!.i4!V9*+
630000871,Lauren,Peterson,817terson@outlook.com,%Z^)|L]MX!^s
630000872,Yazmin,Briggs,Br711Yaz@hushmail.com,"q%o}dr#(~V,P"
630000873,Leon,Huffman,898eonHuffman@live.com,LYju_Gy;&k}t
630000874,Konnor,Woodard,810KonnorWoodard@mail.com,q]DyTDwf5zMB
630000875,Michelle,Zamora,662Miche@live.com,OdtOIIp)tW#J
630000876,Amya,Hale,AmyaHale346@protonmail.com,szcl<7Zhz*Ji
630000877,Nikolai,Walton,Walton@gmail.com,%jVf^$xD.e4n
630000878,Winston,Pace,263WP@mailinator.com,x7(t9lnjX|cI
630000879,Lila,Ford,Li@gmail.com,VC-P*umyE+uj
630000880,Tommy,Stout,Stoutmy@hotmail.com,"Ps;i,IM_R@YS"
630000881,Cadence,Stout,nce1Sto@zoho.com,t|q]>[kI}eRP
630000882,Gillian,Salazar,238Salazar@gmx.com,0#oBD=5G[95}
630000883,Aldo,Boyle,BoyleAl664@aol.com,q9x<Dm8c.Xh[
630000884,Keith,Berry,Berr140ith@aol.com,T0J(:L[%p-TC
630000885,Giselle,Lester,774@tutanota.com,i!>Qyp&w4ABR
630000886,Riley,Poole,Pool156@hotmail.com,<WJyq_lOf%-y
630000887,Maeve,Lucero,L879Maeve@gmx.com,}>U~q=n4OMPD
630000888,Cruz,Chang,Cru818hang@disposable.com,pK<*rCU;1_AG
630000889,Corinne,Snow,Sno@protonmail.com,b6[tO8__Dglh
630000890,Megan,Hubbard,595n@icloud.com,erFZg=06cz|*
630000891,Chris,Hendricks,133ChrisHendri@tutanota.com,Ok}2Ia(<$->i
630000892,Ramon,Morrow,@inbox.com,j}NO~ua>oC|O
630000893,Laurel,Zuniga,Laniga275@aol.com,Enc|DDzJtk|%
630000894,Terry,Ball,336Ball@protonmail.com,k>ta|R|{H.6D
630000895,Victor,Campos,291@mailinator.com,iK5qkOXY|u3+
630000896,Logan,Carson,Log@tutanota.com,6.sTP!_UVYCk
630000897,Elias,Lopez,239@hushmail.com,%06&5zeKC<7j
630000898,Ellen,Hunter,399@hotmail.com,S<=D.@e6<[Ro
630000899,Eleanor,Mueller,440@yandex.com,2h9tjE*~XP80
630000900,Davis,Hendrix,is550Hendr@hotmail.com,S;?0grH7;jMr
630000901,Carly,Kirk,Kirk@rocketmail.com,7GyS&nxY]UR%
630000902,Erin,Mata,Mata838@fastmail.com,vM|=(uk[l+d2
630000903,Pedro,Christensen,Pe@proemail.com,u*B.3fJ79=9y
630000904,Clarence,Sanford,285SanfordClarence@hotmail.com,w*R%wP$gpxYz
630000905,Bailey,Marks,960Marks@hotmail.com,"|V5!{$Jr,)A&"
630000906,Diya,Pennington,DiyaPennington476@yahoo.com,(7K~*.4sRDyk
630000907,Megan,Reyes,544Megan@hushmail.com,{^-^fm+Ure}&
630000908,Maggie,Gallagher,GallagherMaggie@inbox.com,gT.GEbl+L1~)
630000909,Anabel,Russell,An721ussell@fastmail.com,Q_Kws!Ak#BF=
630000910,Jimmy,Chambers,197s@yahoo.com,tPRQWpr&YxhE
630000911,Shaniya,Robbins,Robbins438@hushmail.com,]Q.;yDq7y*49
630000912,George,Gill,Gil@aol.com,5i<C-N@N%;YL
630000913,Felipe,Pena,Felipena@zoho.com,e-7gNXSKyFAm
630000914,Nikolai,Esparza,NikolaiEsparza@tutanota.com,^q-+s:ECmX%a
630000915,Kailyn,Lloyd,535Lloy@hotmail.com,B>TlTpaqPEbh
630000916,Walter,Morrow,ter922@icloud.com,"X?Aqzv3(]N,H"
630000917,Armani,Flynn,400@icloud.com,T#5vmM2j0;%*
630000918,Kendall,Johnson,Johnson67@fastmail.com,:FsV*sPt<PTD
630000919,Royce,Chan,Chan@gmail.com,bnRSLgAO&9MW
630000920,Mireya,Bird,616@inbox.com,-OOn=cdyk*JM
630000921,Hanna,Garrett,Hanna225Garrett@protonmail.com,3I[i)x~Z7I$^
630000922,Abram,Good,831Abramood@live.com,PU;5fiuCWOfE
630000923,Gina,Trevino,582Ginao@gmx.com,z7cUMgATTnA=
630000924,Stanley,Yang,Ya7Stanley@protonmail.com,YRv1V3}n{Jqp
630000925,Aiden,Davidson,DAiden@live.com,gYjRct<7|WCd
630000926,Yasmine,Gregory,GregoYasmine781@hotmail.com,"}1^7hkecgm,R"
630000927,Andre,Peters,41A@gmx.com,=Zvk?bNANckz
630000928,Ivy,Warren,668IvyWarren@hotmail.com,[<-a[3L.?yj8
630000929,Colt,Nichols,Nichols@zoho.com,2?@^Hs?pbhDv
630000930,Bethany,Hurley,Bethany715@zoho.com,a.8{t(-~q8|W
630000931,Nadia,Goodman,adiaGoodm11@icloud.com,"60(Iw$xFq>#,"
630000932,Jensen,Stanton,tanton891@protonmail.com,DtBi<q_14zzv
630000933,Gianni,Ramos,Gian@fastmail.com,Q6$KI:K#TWlM
630000934,Yareli,Aguirre,726@mail.com,vg7ui>|[avlo
630000935,Hudson,Meyers,815Mey@mail.com,"zVV.7}:!,9*v"
630000936,Marie,Delgado,865Marie@zoho.com,XO7J(-<iQliP
630000937,Seth,Stein,Stein561@hotmail.com,Nv:Hl6[JsoDz
630000938,Jane,Nielsen,Nielsen185@gmail.com,G:.[PiK(#(|B
630000939,Gary,Horton,862Gaorton@disposable.com,$kMgZ)TR0FNx
630000940,Jaime,Powell,JaimeP344@gmx.com,";3|IW},Qd6h+"
630000941,Alexandra,Lozano,282@hotmail.com,d*S[S1&fHk;f
630000942,Nathen,Hamilton,lton@gmx.com,}(T.*0vRvJ:j
630000943,Adalyn,Harris,risdalyn667@aol.com,exS#?C&:X8gM
630000944,Silas,Chung,as@aol.com,{Fo}xF1Tqfh5
630000945,Marley,Velez,MarleyVelez606@protonmail.com,QtTy[7ad#<0c
630000946,Ivy,Morris,Morri641vy@yandex.com,W>GoDSfMKTV4
630000947,Irvin,Doyle,Irvie765@rocketmail.com,0>Bp6gYe5G]V
630000948,Maddox,Sexton,Sexton@icloud.com,@J$R!30yM0:X
630000949,Turner,Garcia,TGarcia65@yahoo.com,5qski+#c!*_B
630000950,Joe,Santana,na70@outlook.com,6DM8CE57j7;{
630000951,Jalen,Aguirre,nAgui@fastmail.com,wWSHvYns4q3T
630000952,Mark,Garza,GaMar@tutanota.com,W0Xkx.Ta7<>s
630000953,Koen,Duran,DuranKoen@hotmail.com,"knnW],Fb{t*F"
630000954,Arthur,Garrison,653ArthurG@rocketmail.com,S=cV9;-VzD#l
630000955,Freddy,Bray,Fredd999Bray@hushmail.com,-A_T=9&w)f$Y
630000956,Shayna,Bradford,Brad795@fastmail.com,r.P#CG!n7~Rw
630000957,Gillian,Werner,769GilWerner@inbox.com,~JcaWby=!T_)
630000958,Amaris,Booker,Booker@fastmail.com,]Ez)mQTg7Am*
630000959,Yamilet,Steele,tle378@aol.com,~!x&D9;zu&kF
630000960,Tyrese,Buchanan,506Bucha@fastmail.com,G]~e@#jZy&{v
630000961,Reagan,Guerrero,Guer468@zoho.com,:kmS7HY<+fG-
630000962,Roland,Salinas,andSalinas143@hotmail.com,7*]3@H7$Lq^z
630000963,Haylie,Callahan,394@outlook.com,1VliD^R#~>)V
630000964,Brenton,Molina,Brenton@disposable.com,5Jz+I0?TMbKj
630000965,Lauryn,Mckay,Mckay@aol.com,u24jLB<_EF!#
630000966,Bella,Copeland,pelandB828@fastmail.com,TkP]r20$H~@8
630000967,Seth,Flores,203Set@yahoo.com,gsNbphps#Ze$
630000968,Sam,Mullen,ullenSam@mailinator.com,|pG}hFe.VlBF
630000969,Riley,Dyer,581ey@gmx.com,"~mmDx@AJZ9},"
630000970,Emery,Shelton,SheltonE54@proemail.com,aYCmCMz]?w?~
630000971,Paige,Bonilla,Paige991la@yandex.com,$urf;4zgrbj]
630000972,Dario,Buck,401DarioBuck@rocketmail.com,"GqJsQ1?9xRN,"
630000973,Owen,Romero,468Owen@proemail.com,F]#4EHYQDN[X
630000974,Meredith,Rice,530RiceMeredith@hushmail.com,Unr15P^tpvmJ
630000975,Eric,Baker,Er@zoho.com,eX)MnNVe4{q?
630000976,Mina,Wheeler,495@hushmail.com,+vqSVhugZ:g*
630000977,Mason,Flores,407@hushmail.com,Uf+dXIuf*Sx)
630000978,Kristen,Randolph,Krist262andolph@zoho.com,[5funtU8sVdp
630000979,Keith,Logan,th@mailinator.com,vQ|6Qh4i!)P~
630000980,Leticia,Dawson,817iciaDawso@gmx.com,|:A[Euhm(Ik6
630000981,Zara,Stafford,553Zar@hushmail.com,S%Uaq0}jZB#f
630000982,Hailie,Osborn,OsbornHailie@zoho.com,",s&9yh..6Np7"
630000983,Mason,Nguyen,44@protonmail.com,pIBVXa}V-Ea!
630000984,Leia,Daugherty,62DaughertyL@fastmail.com,"@sqS-xp]u48,"
630000985,Parker,Jefferson,423@aol.com,"Uglh.CM,m*h["
630000986,Lorenzo,Rubio,Lorenzo@inbox.com,j&rR$pBShL*|
630000987,Jamari,Washington,92mari@yandex.com,~HzR$ORR7SYI
630000988,Kasen,Lowery,113Lowe@proemail.com,gx9wRM2?7USs
630000989,Javion,Blair,Blair916n@protonmail.com,NVy<NoJirwt|
630000990,Adrianna,Small,853@yahoo.com,mVE@ULXtlOxD
630000991,Riley,Drake,Riley@disposable.com,B~IYTt0W4FN;
630000992,Micheal,Glass,assMi208@mail.com,!xRg&*A1_WRv
630000993,Natalya,Duarte,870@live.com,|L=a)G;P*H+!
630000994,Ali,Shelton,792@gmx.com,"B8h,Y@u9)Uou"
630000995,Hayden,Rush,Ru811@zoho.com,lcBx1qzKiFV]
630000996,Tara,Hahn,Tahn@gmx.com,6&i=[PVA|xCq
630000997,Jovan,Carroll,563@disposable.com,"U9Wh#AdbR,;,"
630000998,Kyla,Hodge,171Hodge@tutanota.com,{bUOI|Fybwri
630000999,Karlee,Franklin,lee394Franklin@fastmail.com,=10LNq(v#A|K
630001000,Kamora,Lester,Kamo69@aol.com,qp0!_tZPe7S}
630001001,Brayan,Torres,TorrBr@yahoo.com,rXf71zJ$^Cb5
630001002,Adelyn,Wilkerson,lyn939Wilkerson@zoho.com,f1}$LC.EBIPr
630001003,Johanna,Golden,908@icloud.com,wm:DHsiC&Cco
630001004,Krystal,Mccann,Mc@gmail.com,;-!5E0&z4mLE
630001005,Nash,Brady,BradyNash@outlook.com,"#,SAXVn<%3Bx"
630001006,Marin,Blevins,536Ble@yahoo.com,CH%3Dr*Im!G=
630001007,Mercedes,Shields,258@disposable.com,MZa!i@T6;7nB
630001008,Ronin,Zavala,669onin@fastmail.com,dILochZ(2j!V
630001009,Miracle,House,HouseMira293@tutanota.com,I>.>n~O-bBoy
630001010,Cristal,Brooks,CristalBrooks@hushmail.com,;j9(H>Uayvq.
630001011,Charles,Dorsey,Dorsey@mail.com,]8hoxcbe%}pf
630001012,Veronica,Grant,nica771@disposable.com,D[Lg1h-8?jh=
630001013,Melany,Braun,B@aol.com,Bfc$=Wv}$IIg
630001014,Devyn,Mcclain,Mcclain244@tutanota.com,VuuceC@l4EtM
630001015,Zain,Velazquez,Velazquez@yahoo.com,_%0PZ4OF1X.#
630001016,Luis,Mahoney,Luis@aol.com,DWF#pl7uF8!3
630001017,Paula,Ibarra,Prra769@yahoo.com,vxn{:[)9.Vym
630001018,Brenden,Landry,582den@fastmail.com,+Wh_q@4e9mk^
630001019,Eve,Nguyen,650@hotmail.com,_De*#mWr+N{y
630001020,Kayla,Brewer,a928Br@proemail.com,AJ1&vjUz>cqJ
630001021,Jesse,Meyers,ersJesse@hushmail.com,|D#cTL8CfmOm
630001022,Omari,Terrell,567Ter@proemail.com,uEt9*~UD5N;?
630001023,Braedon,Allen,392AllenBraedon@gmail.com,>{yrpcopNvSZ
630001024,Paloma,Wood,Paloma965od@mailinator.com,l6Kze*#}^p{S
630001025,Dayton,Malone,54nMalone@proemail.com,KUt8txqbmMgy
630001026,Amber,Holland,Holland284@aol.com,-9ZX@Lci?wk+
630001027,Kaley,Kim,y@rocketmail.com,M8xx[U|!.#{+
630001028,Isabell,Estrada,IsabellEstr283@outlook.com,VSkz:IR-@$~Y
630001029,Brody,Ramsey,Ra1@mail.com,IR$x$op]:kky
630001030,Ronan,Bowman,218Bowonan@tutanota.com,"l:1l,30HA97U"
630001031,Bailey,Woodard,rd@fastmail.com,^<mpnfy:V3~x
630001032,Julio,Woodard,732@icloud.com,"W0u0J~,A]vlN"
630001033,Sophie,Conner,38Conner@inbox.com,$ir-_@Iafy<<
630001034,Tiffany,Becker,Tiffany88@gmx.com,ILHa4J?L<:W_
630001035,Kaden,Yang,242Yang@rocketmail.com,?[Q[rKgnjsqU
630001036,Dominik,Bean,Bean@yandex.com,swJV[tWU[|qr
630001037,Ayden,Davila,AydeDavila@zoho.com,TxMO1QO6N%1?
630001038,Davian,Hall,651Hall@aol.com,]-kS#h<9fu}~
630001039,Dillan,Pittman,llan191@mailinator.com,J^Gu7CY##Uy0
630001040,Sidney,Mills,Sidney25Mi@disposable.com,8Ads2j)yJ_0s
630001041,Raina,Maddox,oxRaina541@gmail.com,D5~ZbWeDr+-g
630001042,Draven,Humphrey,phrey262@protonmail.com,M@n<(Tf4=;fH
630001043,Matias,Bates,ss@mail.com,X5I$u~<nA6eI
630001044,Aiyana,Stevenson,445natevenson@protonmail.com,;:75.RWj2HZD
630001045,Lucas,Terry,sTerry291@live.com,NThu8S>9%fG:
630001046,Duncan,Dickerson,5kerson@yahoo.com,Z~ZN5QWfV3P(
630001047,Ryann,Gilbert,933Rya@hotmail.com,"8GH,|PJ>%KLQ"
630001048,Gustavo,Pierce,vo368@disposable.com,ZAoZl|zI4oNj
630001049,Angelina,Ellis,elinais@gmx.com,{ozh7jxKGZ+<
630001050,Nyla,Rosario,Rosarioa768@hotmail.com,L>mtsDJrXROn
